product_id,category,month,quantity_sold,price_per_unit,revenue
1,Home,2024-01,66,128.1,8454.6
1,Home,2024-02,208,128.1,26644.8
1,Home,2024-03,410,128.1,52521
1,Home,2024-04,341,128.1,43682.1
1,Home,2024-05,24,128.1,3074.4
1,Home,2024-06,33,128.1,4227.3
1,Home,2024-07,321,128.1,41120.1
1,Home,2024-08,198,128.1,25363.8
1,Home,2024-09,49,128.1,6276.9
1,Home,2024-10,143,128.1,18318.3
1,Home,2024-11,16,128.1,2049.6
1,Home,2024-12,51,128.1,6533.1
1,Home,2025-01,26,128.1,3330.6
1,Home,2025-02,90,128.1,11529
1,Home,2025-03,184,128.1,23570.4
1,Home,2025-04,98,128.1,12553.8
1,Home,2025-05,185,128.1,23698.5
1,Home,2025-06,129,128.1,16524.9
1,Home,2025-07,250,128.1,32025
1,Home,2025-08,352,128.1,45091.2
1,Home,2025-09,390,128.1,49959
1,Home,2025-10,339,128.1,43425.9
1,Home,2025-11,341,128.1,43682.1
1,Home,2025-12,57,128.1,7301.7
2,Sports,2024-01,67,344.8,23101.6
2,Sports,2024-02,41,344.8,14136.8
2,Sports,2024-03,377,344.8,129989.6
2,Sports,2024-04,195,344.8,67236
2,Sports,2024-05,489,344.8,168607.2
2,Sports,2024-06,226,344.8,77924.8
2,Sports,2024-07,78,344.8,26894.4
2,Sports,2024-08,132,344.8,45513.6
2,Sports,2024-09,244,344.8,84131.2
2,Sports,2024-10,52,344.8,17929.6
2,Sports,2024-11,48,344.8,16550.4
2,Sports,2024-12,101,344.8,34824.8
2,Sports,2025-01,74,344.8,25515.2
2,Sports,2025-02,25,344.8,8620
2,Sports,2025-03,36,344.8,12412.8
2,Sports,2025-04,159,344.8,54823.2
2,Sports,2025-05,93,344.8,32066.4
2,Sports,2025-06,198,344.8,68270.4
2,Sports,2025-07,93,344.8,32066.4
2,Sports,2025-08,497,344.8,171365.6
2,Sports,2025-09,205,344.8,70684
2,Sports,2025-10,305,344.8,105164
2,Sports,2025-11,191,344.8,65856.8
2,Sports,2025-12,298,344.8,102750.4
3,Grocery,2024-01,207,308.9,63942.3
3,Grocery,2024-02,246,308.9,75989.4
3,Grocery,2024-03,80,308.9,24712
3,Grocery,2024-04,486,308.9,150125.4
3,Grocery,2024-05,324,308.9,100083.6
3,Grocery,2024-06,298,308.9,92052.2
3,Grocery,2024-07,25,308.9,7722.5
3,Grocery,2024-08,198,308.9,61162.2
3,Grocery,2024-09,223,308.9,68884.7
3,Grocery,2024-10,143,308.9,44172.7
3,Grocery,2024-11,48,308.9,14827.2
3,Grocery,2024-12,90,308.9,27801
3,Grocery,2025-01,31,308.9,9575.9
3,Grocery,2025-02,123,308.9,37994.7
3,Grocery,2025-03,157,308.9,48497.3
3,Grocery,2025-04,92,308.9,28418.8
3,Grocery,2025-05,224,308.9,69193.6
3,Grocery,2025-06,360,308.9,111204
3,Grocery,2025-07,250,308.9,77225
3,Grocery,2025-08,472,308.9,145800.8
3,Grocery,2025-09,297,308.9,91743.3
3,Grocery,2025-10,158,308.9,48806.2
3,Grocery,2025-11,370,308.9,114293
3,Grocery,2025-12,91,308.9,28109.9
4,Sports,2024-01,31,418.27,12966.37
4,Sports,2024-02,91,418.27,38062.57
4,Sports,2024-03,310,418.27,129663.7
4,Sports,2024-04,341,418.27,142630.07
4,Sports,2024-05,304,418.27,127154.08
4,Sports,2024-06,262,418.27,109586.74
4,Sports,2024-07,259,418.27,108331.93
4,Sports,2024-08,341,418.27,142630.07
4,Sports,2024-09,122,418.27,51028.94
4,Sports,2024-10,192,418.27,80307.84
4,Sports,2024-11,83,418.27,34716.41
4,Sports,2024-12,5,418.27,2091.35
4,Sports,2025-01,72,418.27,30115.44
4,Sports,2025-02,43,418.27,17985.61
4,Sports,2025-03,94,418.27,39317.38
4,Sports,2025-04,188,418.27,78634.76
4,Sports,2025-05,276,418.27,115442.52
4,Sports,2025-06,287,418.27,120043.49
4,Sports,2025-07,331,418.27,138447.37
4,Sports,2025-08,154,418.27,64413.58
4,Sports,2025-09,442,418.27,184875.34
4,Sports,2025-10,377,418.27,157687.79
4,Sports,2025-11,320,418.27,133846.4
4,Sports,2025-12,115,418.27,48101.05
5,Sports,2024-01,288,94.95,27345.6
5,Sports,2024-02,366,94.95,34751.7
5,Sports,2024-03,294,94.95,27915.3
5,Sports,2024-04,376,94.95,35701.2
5,Sports,2024-05,117,94.95,11109.15
5,Sports,2024-06,78,94.95,7406.1
5,Sports,2024-07,166,94.95,15761.7
5,Sports,2024-08,221,94.95,20983.95
5,Sports,2024-09,145,94.95,13767.75
5,Sports,2024-10,145,94.95,13767.75
5,Sports,2024-11,104,94.95,9874.8
5,Sports,2024-12,55,94.95,5222.25
5,Sports,2025-01,69,94.95,6551.55
5,Sports,2025-02,133,94.95,12628.35
5,Sports,2025-03,77,94.95,7311.15
5,Sports,2025-04,139,94.95,13198.05
5,Sports,2025-05,21,94.95,1993.95
5,Sports,2025-06,334,94.95,31713.3
5,Sports,2025-07,468,94.95,44436.6
5,Sports,2025-08,432,94.95,41018.4
5,Sports,2025-09,380,94.95,36081
5,Sports,2025-10,220,94.95,20889
5,Sports,2025-11,296,94.95,28105.2
5,Sports,2025-12,235,94.95,22313.25
6,Clothing,2024-01,157,201.62,31654.34
6,Clothing,2024-02,115,201.62,23186.3
6,Clothing,2024-03,379,201.62,76413.98
6,Clothing,2024-04,432,201.62,87099.84
6,Clothing,2024-05,342,201.62,68954.04
6,Clothing,2024-06,114,201.62,22984.68
6,Clothing,2024-07,193,201.62,38912.66
6,Clothing,2024-08,199,201.62,40122.38
6,Clothing,2024-09,188,201.62,37904.56
6,Clothing,2024-10,19,201.62,3830.78
6,Clothing,2024-11,132,201.62,26613.84
6,Clothing,2024-12,97,201.62,19557.14
6,Clothing,2025-01,83,201.62,16734.46
6,Clothing,2025-02,114,201.62,22984.68
6,Clothing,2025-03,50,201.62,10081
6,Clothing,2025-04,147,201.62,29638.14
6,Clothing,2025-05,28,201.62,5645.36
6,Clothing,2025-06,326,201.62,65728.12
6,Clothing,2025-07,236,201.62,47582.32
6,Clothing,2025-08,302,201.62,60889.24
6,Clothing,2025-09,168,201.62,33872.16
6,Clothing,2025-10,272,201.62,54840.64
6,Clothing,2025-11,20,201.62,4032.4
6,Clothing,2025-12,207,201.62,41735.34
7,Grocery,2024-01,85,99.3,8440.5
7,Grocery,2024-02,282,99.3,28002.6
7,Grocery,2024-03,102,99.3,10128.6
7,Grocery,2024-04,412,99.3,40911.6
7,Grocery,2024-05,44,99.3,4369.2
7,Grocery,2024-06,257,99.3,25520.1
7,Grocery,2024-07,332,99.3,32967.6
7,Grocery,2024-08,100,99.3,9930
7,Grocery,2024-09,190,99.3,18867
7,Grocery,2024-10,153,99.3,15192.9
7,Grocery,2024-11,109,99.3,10823.7
7,Grocery,2024-12,32,99.3,3177.6
7,Grocery,2025-01,67,99.3,6653.1
7,Grocery,2025-02,116,99.3,11518.8
7,Grocery,2025-03,157,99.3,15590.1
7,Grocery,2025-04,170,99.3,16881
7,Grocery,2025-05,148,99.3,14696.4
7,Grocery,2025-06,259,99.3,25718.7
7,Grocery,2025-07,413,99.3,41010.9
7,Grocery,2025-08,437,99.3,43394.1
7,Grocery,2025-09,275,99.3,27307.5
7,Grocery,2025-10,207,99.3,20555.1
7,Grocery,2025-11,229,99.3,22739.7
7,Grocery,2025-12,162,99.3,16086.6
8,Grocery,2024-01,243,380.13,92371.59
8,Grocery,2024-02,193,380.13,73365.09
8,Grocery,2024-03,345,380.13,131144.85
8,Grocery,2024-04,334,380.13,126963.42
8,Grocery,2024-05,297,380.13,112898.61
8,Grocery,2024-06,217,380.13,82488.21
8,Grocery,2024-07,134,380.13,50937.42
8,Grocery,2024-08,304,380.13,115559.52
8,Grocery,2024-09,270,380.13,102635.1
8,Grocery,2024-10,174,380.13,66142.62
8,Grocery,2024-11,116,380.13,44095.08
8,Grocery,2024-12,40,380.13,15205.2
8,Grocery,2025-01,21,380.13,7982.73
8,Grocery,2025-02,103,380.13,39153.39
8,Grocery,2025-03,29,380.13,11023.77
8,Grocery,2025-04,77,380.13,29270.01
8,Grocery,2025-05,277,380.13,105296.01
8,Grocery,2025-06,291,380.13,110617.83
8,Grocery,2025-07,346,380.13,131524.98
8,Grocery,2025-08,359,380.13,136466.67
8,Grocery,2025-09,376,380.13,142928.88
8,Grocery,2025-10,305,380.13,115939.65
8,Grocery,2025-11,79,380.13,30030.27
8,Grocery,2025-12,277,380.13,105296.01
9,Grocery,2024-01,294,218.33,64189.02
9,Grocery,2024-02,235,218.33,51307.55
9,Grocery,2024-03,285,218.33,62224.05
9,Grocery,2024-04,75,218.33,16374.75
9,Grocery,2024-05,417,218.33,91043.61
9,Grocery,2024-06,112,218.33,24452.96
9,Grocery,2024-07,251,218.33,54800.83
9,Grocery,2024-08,106,218.33,23142.98
9,Grocery,2024-09,260,218.33,56765.8
9,Grocery,2024-10,16,218.33,3493.28
9,Grocery,2024-11,24,218.33,5239.92
9,Grocery,2024-12,18,218.33,3929.94
9,Grocery,2025-01,15,218.33,3274.95
9,Grocery,2025-02,26,218.33,5676.58
9,Grocery,2025-03,103,218.33,22487.99
9,Grocery,2025-04,50,218.33,10916.5
9,Grocery,2025-05,212,218.33,46285.96
9,Grocery,2025-06,149,218.33,32531.17
9,Grocery,2025-07,136,218.33,29692.88
9,Grocery,2025-08,389,218.33,84930.37
9,Grocery,2025-09,31,218.33,6768.23
9,Grocery,2025-10,98,218.33,21396.34
9,Grocery,2025-11,110,218.33,24016.3
9,Grocery,2025-12,39,218.33,8514.87
10,Sports,2024-01,271,111.89,30322.19
10,Sports,2024-02,317,111.89,35469.13
10,Sports,2024-03,122,111.89,13650.58
10,Sports,2024-04,307,111.89,34350.23
10,Sports,2024-05,37,111.89,4139.93
10,Sports,2024-06,257,111.89,28755.73
10,Sports,2024-07,283,111.89,31664.87
10,Sports,2024-08,81,111.89,9063.09
10,Sports,2024-09,45,111.89,5035.05
10,Sports,2024-10,100,111.89,11189
10,Sports,2024-11,37,111.89,4139.93
10,Sports,2024-12,98,111.89,10965.22
10,Sports,2025-01,54,111.89,6042.06
10,Sports,2025-02,73,111.89,8167.97
10,Sports,2025-03,193,111.89,21594.77
10,Sports,2025-04,170,111.89,19021.3
10,Sports,2025-05,299,111.89,33455.11
10,Sports,2025-06,362,111.89,40504.18
10,Sports,2025-07,181,111.89,20252.09
10,Sports,2025-08,342,111.89,38266.38
10,Sports,2025-09,65,111.89,7272.85
10,Sports,2025-10,75,111.89,8391.75
10,Sports,2025-11,119,111.89,13314.91
10,Sports,2025-12,100,111.89,11189
11,Home,2024-01,114,288.17,32851.38
11,Home,2024-02,214,288.17,61668.38
11,Home,2024-03,408,288.17,117573.36
11,Home,2024-04,80,288.17,23053.6
11,Home,2024-05,307,288.17,88468.19
11,Home,2024-06,97,288.17,27952.49
11,Home,2024-07,392,288.17,112962.64
11,Home,2024-08,168,288.17,48412.56
11,Home,2024-09,218,288.17,62821.06
11,Home,2024-10,133,288.17,38326.61
11,Home,2024-11,112,288.17,32275.04
11,Home,2024-12,72,288.17,20748.24
11,Home,2025-01,13,288.17,3746.21
11,Home,2025-02,77,288.17,22189.09
11,Home,2025-03,166,288.17,47836.22
11,Home,2025-04,199,288.17,57345.83
11,Home,2025-05,92,288.17,26511.64
11,Home,2025-06,394,288.17,113538.98
11,Home,2025-07,114,288.17,32851.38
11,Home,2025-08,447,288.17,128811.99
11,Home,2025-09,85,288.17,24494.45
11,Home,2025-10,240,288.17,69160.8
11,Home,2025-11,112,288.17,32275.04
11,Home,2025-12,243,288.17,70025.31
12,Grocery,2024-01,241,25.34,6106.94
12,Grocery,2024-02,41,25.34,1038.94
12,Grocery,2024-03,153,25.34,3877.02
12,Grocery,2024-04,351,25.34,8894.34
12,Grocery,2024-05,164,25.34,4155.76
12,Grocery,2024-06,107,25.34,2711.38
12,Grocery,2024-07,387,25.34,9806.58
12,Grocery,2024-08,51,25.34,1292.34
12,Grocery,2024-09,100,25.34,2534
12,Grocery,2024-10,16,25.34,405.44
12,Grocery,2024-11,104,25.34,2635.36
12,Grocery,2024-12,78,25.34,1976.52
12,Grocery,2025-01,64,25.34,1621.76
12,Grocery,2025-02,103,25.34,2610.02
12,Grocery,2025-03,99,25.34,2508.66
12,Grocery,2025-04,145,25.34,3674.3
12,Grocery,2025-05,132,25.34,3344.88
12,Grocery,2025-06,87,25.34,2204.58
12,Grocery,2025-07,226,25.34,5726.84
12,Grocery,2025-08,149,25.34,3775.66
12,Grocery,2025-09,395,25.34,10009.3
12,Grocery,2025-10,435,25.34,11022.9
12,Grocery,2025-11,136,25.34,3446.24
12,Grocery,2025-12,298,25.34,7551.32
13,Sports,2024-01,201,422.72,84966.72
13,Sports,2024-02,301,422.72,127238.72
13,Sports,2024-03,149,422.72,62985.28
13,Sports,2024-04,163,422.72,68903.36
13,Sports,2024-05,237,422.72,100184.64
13,Sports,2024-06,138,422.72,58335.36
13,Sports,2024-07,402,422.72,169933.44
13,Sports,2024-08,316,422.72,133579.52
13,Sports,2024-09,107,422.72,45231.04
13,Sports,2024-10,23,422.72,9722.56
13,Sports,2024-11,43,422.72,18176.96
13,Sports,2024-12,102,422.72,43117.44
13,Sports,2025-01,57,422.72,24095.04
13,Sports,2025-02,11,422.72,4649.92
13,Sports,2025-03,60,422.72,25363.2
13,Sports,2025-04,94,422.72,39735.68
13,Sports,2025-05,207,422.72,87503.04
13,Sports,2025-06,29,422.72,12258.88
13,Sports,2025-07,267,422.72,112866.24
13,Sports,2025-08,37,422.72,15640.64
13,Sports,2025-09,288,422.72,121743.36
13,Sports,2025-10,278,422.72,117516.16
13,Sports,2025-11,195,422.72,82430.4
13,Sports,2025-12,84,422.72,35508.48
14,Clothing,2024-01,162,230.38,37321.56
14,Clothing,2024-02,121,230.38,27875.98
14,Clothing,2024-03,394,230.38,90769.72
14,Clothing,2024-04,148,230.38,34096.24
14,Clothing,2024-05,382,230.38,88005.16
14,Clothing,2024-06,52,230.38,11979.76
14,Clothing,2024-07,262,230.38,60359.56
14,Clothing,2024-08,235,230.38,54139.3
14,Clothing,2024-09,156,230.38,35939.28
14,Clothing,2024-10,163,230.38,37551.94
14,Clothing,2024-11,106,230.38,24420.28
14,Clothing,2024-12,80,230.38,18430.4
14,Clothing,2025-01,67,230.38,15435.46
14,Clothing,2025-02,49,230.38,11288.62
14,Clothing,2025-03,27,230.38,6220.26
14,Clothing,2025-04,137,230.38,31562.06
14,Clothing,2025-05,118,230.38,27184.84
14,Clothing,2025-06,409,230.38,94225.42
14,Clothing,2025-07,236,230.38,54369.68
14,Clothing,2025-08,314,230.38,72339.32
14,Clothing,2025-09,173,230.38,39855.74
14,Clothing,2025-10,71,230.38,16356.98
14,Clothing,2025-11,258,230.38,59438.04
14,Clothing,2025-12,219,230.38,50453.22
15,Home,2024-01,223,203.62,45407.26
15,Home,2024-02,261,203.62,53144.82
15,Home,2024-03,149,203.62,30339.38
15,Home,2024-04,319,203.62,64954.78
15,Home,2024-05,24,203.62,4886.88
15,Home,2024-06,102,203.62,20769.24
15,Home,2024-07,223,203.62,45407.26
15,Home,2024-08,238,203.62,48461.56
15,Home,2024-09,173,203.62,35226.26
15,Home,2024-10,55,203.62,11199.1
15,Home,2024-11,66,203.62,13438.92
15,Home,2024-12,65,203.62,13235.3
15,Home,2025-01,71,203.62,14457.02
15,Home,2025-02,17,203.62,3461.54
15,Home,2025-03,194,203.62,39502.28
15,Home,2025-04,106,203.62,21583.72
15,Home,2025-05,54,203.62,10995.48
15,Home,2025-06,217,203.62,44185.54
15,Home,2025-07,202,203.62,41131.24
15,Home,2025-08,407,203.62,82873.34
15,Home,2025-09,373,203.62,75950.26
15,Home,2025-10,419,203.62,85316.78
15,Home,2025-11,180,203.62,36651.6
15,Home,2025-12,291,203.62,59253.42
16,Clothing,2024-01,57,464.06,26451.42
16,Clothing,2024-02,148,464.06,68680.88
16,Clothing,2024-03,124,464.06,57543.44
16,Clothing,2024-04,251,464.06,116479.06
16,Clothing,2024-05,497,464.06,230637.82
16,Clothing,2024-06,365,464.06,169381.9
16,Clothing,2024-07,394,464.06,182839.64
16,Clothing,2024-08,166,464.06,77033.96
16,Clothing,2024-09,65,464.06,30163.9
16,Clothing,2024-10,106,464.06,49190.36
16,Clothing,2024-11,28,464.06,12993.68
16,Clothing,2024-12,57,464.06,26451.42
16,Clothing,2025-01,16,464.06,7424.96
16,Clothing,2025-02,12,464.06,5568.72
16,Clothing,2025-03,76,464.06,35268.56
16,Clothing,2025-04,148,464.06,68680.88
16,Clothing,2025-05,76,464.06,35268.56
16,Clothing,2025-06,402,464.06,186552.12
16,Clothing,2025-07,351,464.06,162885.06
16,Clothing,2025-08,389,464.06,180519.34
16,Clothing,2025-09,476,464.06,220892.56
16,Clothing,2025-10,234,464.06,108590.04
16,Clothing,2025-11,18,464.06,8353.08
16,Clothing,2025-12,117,464.06,54295.02
17,Home,2024-01,19,366.36,6960.84
17,Home,2024-02,47,366.36,17218.92
17,Home,2024-03,73,366.36,26744.28
17,Home,2024-04,217,366.36,79500.12
17,Home,2024-05,27,366.36,9891.72
17,Home,2024-06,327,366.36,119799.72
17,Home,2024-07,360,366.36,131889.6
17,Home,2024-08,164,366.36,60083.04
17,Home,2024-09,219,366.36,80232.84
17,Home,2024-10,146,366.36,53488.56
17,Home,2024-11,127,366.36,46527.72
17,Home,2024-12,89,366.36,32606.04
17,Home,2025-01,69,366.36,25278.84
17,Home,2025-02,28,366.36,10258.08
17,Home,2025-03,166,366.36,60815.76
17,Home,2025-04,270,366.36,98917.2
17,Home,2025-05,332,366.36,121631.52
17,Home,2025-06,383,366.36,140315.88
17,Home,2025-07,262,366.36,95986.32
17,Home,2025-08,52,366.36,19050.72
17,Home,2025-09,185,366.36,67776.6
17,Home,2025-10,165,366.36,60449.4
17,Home,2025-11,322,366.36,117967.92
17,Home,2025-12,265,366.36,97085.4
18,Sports,2024-01,124,170,21080
18,Sports,2024-02,98,170,16660
18,Sports,2024-03,118,170,20060
18,Sports,2024-04,92,170,15640
18,Sports,2024-05,374,170,63580
18,Sports,2024-06,50,170,8500
18,Sports,2024-07,221,170,37570
18,Sports,2024-08,97,170,16490
18,Sports,2024-09,189,170,32130
18,Sports,2024-10,43,170,7310
18,Sports,2024-11,61,170,10370
18,Sports,2024-12,51,170,8670
18,Sports,2025-01,8,170,1360
18,Sports,2025-02,69,170,11730
18,Sports,2025-03,159,170,27030
18,Sports,2025-04,135,170,22950
18,Sports,2025-05,302,170,51340
18,Sports,2025-06,264,170,44880
18,Sports,2025-07,272,170,46240
18,Sports,2025-08,359,170,61030
18,Sports,2025-09,163,170,27710
18,Sports,2025-10,274,170,46580
18,Sports,2025-11,159,170,27030
18,Sports,2025-12,249,170,42330
19,Electronics,2024-01,193,289.52,55877.36
19,Electronics,2024-02,328,289.52,94962.56
19,Electronics,2024-03,66,289.52,19108.32
19,Electronics,2024-04,422,289.52,122177.44
19,Electronics,2024-05,367,289.52,106253.84
19,Electronics,2024-06,262,289.52,75854.24
19,Electronics,2024-07,343,289.52,99305.36
19,Electronics,2024-08,329,289.52,95252.08
19,Electronics,2024-09,147,289.52,42559.44
19,Electronics,2024-10,44,289.52,12738.88
19,Electronics,2024-11,71,289.52,20555.92
19,Electronics,2024-12,83,289.52,24030.16
19,Electronics,2025-01,83,289.52,24030.16
19,Electronics,2025-02,135,289.52,39085.2
19,Electronics,2025-03,45,289.52,13028.4
19,Electronics,2025-04,28,289.52,8106.56
19,Electronics,2025-05,215,289.52,62246.8
19,Electronics,2025-06,409,289.52,118413.68
19,Electronics,2025-07,52,289.52,15055.04
19,Electronics,2025-08,79,289.52,22872.08
19,Electronics,2025-09,263,289.52,76143.76
19,Electronics,2025-10,254,289.52,73538.08
19,Electronics,2025-11,74,289.52,21424.48
19,Electronics,2025-12,39,289.52,11291.28
20,Home,2024-01,183,265.21,48533.43
20,Home,2024-02,134,265.21,35538.14
20,Home,2024-03,207,265.21,54898.47
20,Home,2024-04,295,265.21,78236.95
20,Home,2024-05,237,265.21,62854.77
20,Home,2024-06,358,265.21,94945.18
20,Home,2024-07,417,265.21,110592.57
20,Home,2024-08,49,265.21,12995.29
20,Home,2024-09,253,265.21,67098.13
20,Home,2024-10,106,265.21,28112.26
20,Home,2024-11,101,265.21,26786.21
20,Home,2024-12,103,265.21,27316.63
20,Home,2025-01,81,265.21,21482.01
20,Home,2025-02,58,265.21,15382.18
20,Home,2025-03,17,265.21,4508.57
20,Home,2025-04,50,265.21,13260.5
20,Home,2025-05,242,265.21,64180.82
20,Home,2025-06,129,265.21,34212.09
20,Home,2025-07,219,265.21,58080.99
20,Home,2025-08,299,265.21,79297.79
20,Home,2025-09,373,265.21,98923.33
20,Home,2025-10,281,265.21,74524.01
20,Home,2025-11,148,265.21,39251.08
20,Home,2025-12,162,265.21,42964.02
21,Clothing,2024-01,223,480.97,107256.31
21,Clothing,2024-02,64,480.97,30782.08
21,Clothing,2024-03,421,480.97,202488.37
21,Clothing,2024-04,322,480.97,154872.34
21,Clothing,2024-05,154,480.97,74069.38
21,Clothing,2024-06,382,480.97,183730.54
21,Clothing,2024-07,326,480.97,156796.22
21,Clothing,2024-08,116,480.97,55792.52
21,Clothing,2024-09,65,480.97,31263.05
21,Clothing,2024-10,115,480.97,55311.55
21,Clothing,2024-11,129,480.97,62045.13
21,Clothing,2024-12,26,480.97,12505.22
21,Clothing,2025-01,101,480.97,48577.97
21,Clothing,2025-02,120,480.97,57716.4
21,Clothing,2025-03,148,480.97,71183.56
21,Clothing,2025-04,178,480.97,85612.66
21,Clothing,2025-05,251,480.97,120723.47
21,Clothing,2025-06,366,480.97,176035.02
21,Clothing,2025-07,200,480.97,96194
21,Clothing,2025-08,387,480.97,186135.39
21,Clothing,2025-09,207,480.97,99560.79
21,Clothing,2025-10,40,480.97,19238.8
21,Clothing,2025-11,157,480.97,75512.29
21,Clothing,2025-12,292,480.97,140443.24
22,Sports,2024-01,231,423.82,97902.42
22,Sports,2024-02,30,423.82,12714.6
22,Sports,2024-03,408,423.82,172918.56
22,Sports,2024-04,366,423.82,155118.12
22,Sports,2024-05,442,423.82,187328.44
22,Sports,2024-06,427,423.82,180971.14
22,Sports,2024-07,311,423.82,131808.02
22,Sports,2024-08,330,423.82,139860.6
22,Sports,2024-09,49,423.82,20767.18
22,Sports,2024-10,128,423.82,54248.96
22,Sports,2024-11,9,423.82,3814.38
22,Sports,2024-12,19,423.82,8052.58
22,Sports,2025-01,90,423.82,38143.8
22,Sports,2025-02,119,423.82,50434.58
22,Sports,2025-03,90,423.82,38143.8
22,Sports,2025-04,197,423.82,83492.54
22,Sports,2025-05,208,423.82,88154.56
22,Sports,2025-06,157,423.82,66539.74
22,Sports,2025-07,226,423.82,95783.32
22,Sports,2025-08,384,423.82,162746.88
22,Sports,2025-09,195,423.82,82644.9
22,Sports,2025-10,120,423.82,50858.4
22,Sports,2025-11,267,423.82,113159.94
22,Sports,2025-12,67,423.82,28395.94
23,Home,2024-01,118,376.19,44390.42
23,Home,2024-02,318,376.19,119628.42
23,Home,2024-03,62,376.19,23323.78
23,Home,2024-04,483,376.19,181699.77
23,Home,2024-05,292,376.19,109847.48
23,Home,2024-06,456,376.19,171542.64
23,Home,2024-07,375,376.19,141071.25
23,Home,2024-08,176,376.19,66209.44
23,Home,2024-09,135,376.19,50785.65
23,Home,2024-10,27,376.19,10157.13
23,Home,2024-11,32,376.19,12038.08
23,Home,2024-12,70,376.19,26333.3
23,Home,2025-01,94,376.19,35361.86
23,Home,2025-02,102,376.19,38371.38
23,Home,2025-03,132,376.19,49657.08
23,Home,2025-04,91,376.19,34233.29
23,Home,2025-05,277,376.19,104204.63
23,Home,2025-06,149,376.19,56052.31
23,Home,2025-07,324,376.19,121885.56
23,Home,2025-08,284,376.19,106837.96
23,Home,2025-09,429,376.19,161385.51
23,Home,2025-10,22,376.19,8276.18
23,Home,2025-11,265,376.19,99690.35
23,Home,2025-12,151,376.19,56804.69
24,Electronics,2024-01,298,274.45,81786.1
24,Electronics,2024-02,231,274.45,63397.95
24,Electronics,2024-03,361,274.45,99076.45
24,Electronics,2024-04,158,274.45,43363.1
24,Electronics,2024-05,424,274.45,116366.8
24,Electronics,2024-06,417,274.45,114445.65
24,Electronics,2024-07,268,274.45,73552.6
24,Electronics,2024-08,253,274.45,69435.85
24,Electronics,2024-09,91,274.45,24974.95
24,Electronics,2024-10,51,274.45,13996.95
24,Electronics,2024-11,124,274.45,34031.8
24,Electronics,2024-12,88,274.45,24151.6
24,Electronics,2025-01,94,274.45,25798.3
24,Electronics,2025-02,47,274.45,12899.15
24,Electronics,2025-03,54,274.45,14820.3
24,Electronics,2025-04,215,274.45,59006.75
24,Electronics,2025-05,157,274.45,43088.65
24,Electronics,2025-06,270,274.45,74101.5
24,Electronics,2025-07,413,274.45,113347.85
24,Electronics,2025-08,389,274.45,106761.05
24,Electronics,2025-09,70,274.45,19211.5
24,Electronics,2025-10,432,274.45,118562.4
24,Electronics,2025-11,294,274.45,80688.3
24,Electronics,2025-12,84,274.45,23053.8
25,Electronics,2024-01,87,297.51,25883.37
25,Electronics,2024-02,43,297.51,12792.93
25,Electronics,2024-03,339,297.51,100855.89
25,Electronics,2024-04,410,297.51,121979.1
25,Electronics,2024-05,24,297.51,7140.24
25,Electronics,2024-06,300,297.51,89253
25,Electronics,2024-07,134,297.51,39866.34
25,Electronics,2024-08,224,297.51,66642.24
25,Electronics,2024-09,16,297.51,4760.16
25,Electronics,2024-10,150,297.51,44626.5
25,Electronics,2024-11,132,297.51,39271.32
25,Electronics,2024-12,10,297.51,2975.1
25,Electronics,2025-01,43,297.51,12792.93
25,Electronics,2025-02,17,297.51,5057.67
25,Electronics,2025-03,108,297.51,32131.08
25,Electronics,2025-04,219,297.51,65154.69
25,Electronics,2025-05,292,297.51,86872.92
25,Electronics,2025-06,268,297.51,79732.68
25,Electronics,2025-07,40,297.51,11900.4
25,Electronics,2025-08,327,297.51,97285.77
25,Electronics,2025-09,246,297.51,73187.46
25,Electronics,2025-10,385,297.51,114541.35
25,Electronics,2025-11,187,297.51,55634.37
25,Electronics,2025-12,217,297.51,64559.67
26,Grocery,2024-01,292,482.98,141030.16
26,Grocery,2024-02,130,482.98,62787.4
26,Grocery,2024-03,417,482.98,201402.66
26,Grocery,2024-04,90,482.98,43468.2
26,Grocery,2024-05,274,482.98,132336.52
26,Grocery,2024-06,119,482.98,57474.62
26,Grocery,2024-07,349,482.98,168560.02
26,Grocery,2024-08,272,482.98,131370.56
26,Grocery,2024-09,231,482.98,111568.38
26,Grocery,2024-10,162,482.98,78242.76
26,Grocery,2024-11,102,482.98,49263.96
26,Grocery,2024-12,28,482.98,13523.44
26,Grocery,2025-01,22,482.98,10625.56
26,Grocery,2025-02,97,482.98,46849.06
26,Grocery,2025-03,89,482.98,42985.22
26,Grocery,2025-04,169,482.98,81623.62
26,Grocery,2025-05,99,482.98,47815.02
26,Grocery,2025-06,345,482.98,166628.1
26,Grocery,2025-07,45,482.98,21734.1
26,Grocery,2025-08,162,482.98,78242.76
26,Grocery,2025-09,95,482.98,45883.1
26,Grocery,2025-10,263,482.98,127023.74
26,Grocery,2025-11,26,482.98,12557.48
26,Grocery,2025-12,192,482.98,92732.16
27,Grocery,2024-01,63,307.45,19369.35
27,Grocery,2024-02,241,307.45,74095.45
27,Grocery,2024-03,165,307.45,50729.25
27,Grocery,2024-04,378,307.45,116216.1
27,Grocery,2024-05,464,307.45,142656.8
27,Grocery,2024-06,47,307.45,14450.15
27,Grocery,2024-07,200,307.45,61490
27,Grocery,2024-08,61,307.45,18754.45
27,Grocery,2024-09,98,307.45,30130.1
27,Grocery,2024-10,93,307.45,28592.85
27,Grocery,2024-11,46,307.45,14142.7
27,Grocery,2024-12,18,307.45,5534.1
27,Grocery,2025-01,96,307.45,29515.2
27,Grocery,2025-02,116,307.45,35664.2
27,Grocery,2025-03,104,307.45,31974.8
27,Grocery,2025-04,155,307.45,47654.75
27,Grocery,2025-05,191,307.45,58722.95
27,Grocery,2025-06,294,307.45,90390.3
27,Grocery,2025-07,377,307.45,115908.65
27,Grocery,2025-08,159,307.45,48884.55
27,Grocery,2025-09,36,307.45,11068.2
27,Grocery,2025-10,232,307.45,71328.4
27,Grocery,2025-11,269,307.45,82704.05
27,Grocery,2025-12,166,307.45,51036.7
28,Clothing,2024-01,18,145.24,2614.32
28,Clothing,2024-02,360,145.24,52286.4
28,Clothing,2024-03,71,145.24,10312.04
28,Clothing,2024-04,151,145.24,21931.24
28,Clothing,2024-05,434,145.24,63034.16
28,Clothing,2024-06,219,145.24,31807.56
28,Clothing,2024-07,328,145.24,47638.72
28,Clothing,2024-08,166,145.24,24109.84
28,Clothing,2024-09,118,145.24,17138.32
28,Clothing,2024-10,116,145.24,16847.84
28,Clothing,2024-11,6,145.24,871.44
28,Clothing,2024-12,31,145.24,4502.44
28,Clothing,2025-01,94,145.24,13652.56
28,Clothing,2025-02,8,145.24,1161.92
28,Clothing,2025-03,195,145.24,28321.8
28,Clothing,2025-04,166,145.24,24109.84
28,Clothing,2025-05,72,145.24,10457.28
28,Clothing,2025-06,91,145.24,13216.84
28,Clothing,2025-07,241,145.24,35002.84
28,Clothing,2025-08,259,145.24,37617.16
28,Clothing,2025-09,197,145.24,28612.28
28,Clothing,2025-10,107,145.24,15540.68
28,Clothing,2025-11,309,145.24,44879.16
28,Clothing,2025-12,256,145.24,37181.44
29,Home,2024-01,286,155.17,44378.62
29,Home,2024-02,241,155.17,37395.97
29,Home,2024-03,26,155.17,4034.42
29,Home,2024-04,322,155.17,49964.74
29,Home,2024-05,147,155.17,22809.99
29,Home,2024-06,50,155.17,7758.5
29,Home,2024-07,134,155.17,20792.78
29,Home,2024-08,251,155.17,38947.67
29,Home,2024-09,90,155.17,13965.3
29,Home,2024-10,150,155.17,23275.5
29,Home,2024-11,82,155.17,12723.94
29,Home,2024-12,29,155.17,4499.93
29,Home,2025-01,83,155.17,12879.11
29,Home,2025-02,64,155.17,9930.88
29,Home,2025-03,148,155.17,22965.16
29,Home,2025-04,102,155.17,15827.34
29,Home,2025-05,148,155.17,22965.16
29,Home,2025-06,400,155.17,62068
29,Home,2025-07,267,155.17,41430.39
29,Home,2025-08,437,155.17,67809.29
29,Home,2025-09,114,155.17,17689.38
29,Home,2025-10,131,155.17,20327.27
29,Home,2025-11,203,155.17,31499.51
29,Home,2025-12,136,155.17,21103.12
30,Home,2024-01,58,90.98,5276.84
30,Home,2024-02,167,90.98,15193.66
30,Home,2024-03,223,90.98,20288.54
30,Home,2024-04,459,90.98,41759.82
30,Home,2024-05,152,90.98,13828.96
30,Home,2024-06,417,90.98,37938.66
30,Home,2024-07,187,90.98,17013.26
30,Home,2024-08,69,90.98,6277.62
30,Home,2024-09,156,90.98,14192.88
30,Home,2024-10,58,90.98,5276.84
30,Home,2024-11,61,90.98,5549.78
30,Home,2024-12,73,90.98,6641.54
30,Home,2025-01,19,90.98,1728.62
30,Home,2025-02,96,90.98,8734.08
30,Home,2025-03,144,90.98,13101.12
30,Home,2025-04,263,90.98,23927.74
30,Home,2025-05,272,90.98,24746.56
30,Home,2025-06,176,90.98,16012.48
30,Home,2025-07,62,90.98,5640.76
30,Home,2025-08,232,90.98,21107.36
30,Home,2025-09,190,90.98,17286.2
30,Home,2025-10,95,90.98,8643.1
30,Home,2025-11,28,90.98,2547.44
30,Home,2025-12,93,90.98,8461.14
31,Grocery,2024-01,202,17.66,3567.32
31,Grocery,2024-02,98,17.66,1730.68
31,Grocery,2024-03,276,17.66,4874.16
31,Grocery,2024-04,293,17.66,5174.38
31,Grocery,2024-05,399,17.66,7046.34
31,Grocery,2024-06,458,17.66,8088.28
31,Grocery,2024-07,189,17.66,3337.74
31,Grocery,2024-08,184,17.66,3249.44
31,Grocery,2024-09,173,17.66,3055.18
31,Grocery,2024-10,150,17.66,2649
31,Grocery,2024-11,11,17.66,194.26
31,Grocery,2024-12,73,17.66,1289.18
31,Grocery,2025-01,58,17.66,1024.28
31,Grocery,2025-02,96,17.66,1695.36
31,Grocery,2025-03,189,17.66,3337.74
31,Grocery,2025-04,46,17.66,812.36
31,Grocery,2025-05,185,17.66,3267.1
31,Grocery,2025-06,349,17.66,6163.34
31,Grocery,2025-07,243,17.66,4291.38
31,Grocery,2025-08,422,17.66,7452.52
31,Grocery,2025-09,456,17.66,8052.96
31,Grocery,2025-10,156,17.66,2754.96
31,Grocery,2025-11,248,17.66,4379.68
31,Grocery,2025-12,90,17.66,1589.4
32,Home,2024-01,234,217.47,50887.98
32,Home,2024-02,56,217.47,12178.32
32,Home,2024-03,31,217.47,6741.57
32,Home,2024-04,246,217.47,53497.62
32,Home,2024-05,447,217.47,97209.09
32,Home,2024-06,167,217.47,36317.49
32,Home,2024-07,66,217.47,14353.02
32,Home,2024-08,279,217.47,60674.13
32,Home,2024-09,107,217.47,23269.29
32,Home,2024-10,9,217.47,1957.23
32,Home,2024-11,96,217.47,20877.12
32,Home,2024-12,10,217.47,2174.7
32,Home,2025-01,51,217.47,11090.97
32,Home,2025-02,37,217.47,8046.39
32,Home,2025-03,42,217.47,9133.74
32,Home,2025-04,253,217.47,55019.91
32,Home,2025-05,153,217.47,33272.91
32,Home,2025-06,115,217.47,25009.05
32,Home,2025-07,391,217.47,85030.77
32,Home,2025-08,204,217.47,44363.88
32,Home,2025-09,85,217.47,18484.95
32,Home,2025-10,124,217.47,26966.28
32,Home,2025-11,246,217.47,53497.62
32,Home,2025-12,97,217.47,21094.59
33,Home,2024-01,154,203.49,31337.46
33,Home,2024-02,220,203.49,44767.8
33,Home,2024-03,160,203.49,32558.4
33,Home,2024-04,139,203.49,28285.11
33,Home,2024-05,174,203.49,35407.26
33,Home,2024-06,214,203.49,43546.86
33,Home,2024-07,74,203.49,15058.26
33,Home,2024-08,79,203.49,16075.71
33,Home,2024-09,13,203.49,2645.37
33,Home,2024-10,16,203.49,3255.84
33,Home,2024-11,83,203.49,16889.67
33,Home,2024-12,56,203.49,11395.44
33,Home,2025-01,98,203.49,19942.02
33,Home,2025-02,38,203.49,7732.62
33,Home,2025-03,133,203.49,27064.17
33,Home,2025-04,88,203.49,17907.12
33,Home,2025-05,40,203.49,8139.6
33,Home,2025-06,78,203.49,15872.22
33,Home,2025-07,207,203.49,42122.43
33,Home,2025-08,347,203.49,70611.03
33,Home,2025-09,288,203.49,58605.12
33,Home,2025-10,363,203.49,73866.87
33,Home,2025-11,43,203.49,8750.07
33,Home,2025-12,294,203.49,59826.06
34,Electronics,2024-01,97,153.81,14919.57
34,Electronics,2024-02,235,153.81,36145.35
34,Electronics,2024-03,35,153.81,5383.35
34,Electronics,2024-04,29,153.81,4460.49
34,Electronics,2024-05,299,153.81,45989.19
34,Electronics,2024-06,382,153.81,58755.42
34,Electronics,2024-07,247,153.81,37991.07
34,Electronics,2024-08,47,153.81,7229.07
34,Electronics,2024-09,64,153.81,9843.84
34,Electronics,2024-10,121,153.81,18611.01
34,Electronics,2024-11,16,153.81,2460.96
34,Electronics,2024-12,66,153.81,10151.46
34,Electronics,2025-01,19,153.81,2922.39
34,Electronics,2025-02,32,153.81,4921.92
34,Electronics,2025-03,190,153.81,29223.9
34,Electronics,2025-04,35,153.81,5383.35
34,Electronics,2025-05,168,153.81,25840.08
34,Electronics,2025-06,287,153.81,44143.47
34,Electronics,2025-07,126,153.81,19380.06
34,Electronics,2025-08,84,153.81,12920.04
34,Electronics,2025-09,376,153.81,57832.56
34,Electronics,2025-10,49,153.81,7536.69
34,Electronics,2025-11,64,153.81,9843.84
34,Electronics,2025-12,115,153.81,17688.15
35,Grocery,2024-01,220,16.9,3718
35,Grocery,2024-02,144,16.9,2433.6
35,Grocery,2024-03,263,16.9,4444.7
35,Grocery,2024-04,378,16.9,6388.2
35,Grocery,2024-05,299,16.9,5053.1
35,Grocery,2024-06,286,16.9,4833.4
35,Grocery,2024-07,91,16.9,1537.9
35,Grocery,2024-08,212,16.9,3582.8
35,Grocery,2024-09,23,16.9,388.7
35,Grocery,2024-10,173,16.9,2923.7
35,Grocery,2024-11,83,16.9,1402.7
35,Grocery,2024-12,47,16.9,794.3
35,Grocery,2025-01,26,16.9,439.4
35,Grocery,2025-02,121,16.9,2044.9
35,Grocery,2025-03,107,16.9,1808.3
35,Grocery,2025-04,20,16.9,338
35,Grocery,2025-05,334,16.9,5644.6
35,Grocery,2025-06,74,16.9,1250.6
35,Grocery,2025-07,174,16.9,2940.6
35,Grocery,2025-08,489,16.9,8264.1
35,Grocery,2025-09,471,16.9,7959.9
35,Grocery,2025-10,151,16.9,2551.9
35,Grocery,2025-11,224,16.9,3785.6
35,Grocery,2025-12,195,16.9,3295.5
36,Sports,2024-01,63,107.43,6768.09
36,Sports,2024-02,360,107.43,38674.8
36,Sports,2024-03,354,107.43,38030.22
36,Sports,2024-04,73,107.43,7842.39
36,Sports,2024-05,197,107.43,21163.71
36,Sports,2024-06,288,107.43,30939.84
36,Sports,2024-07,27,107.43,2900.61
36,Sports,2024-08,182,107.43,19552.26
36,Sports,2024-09,114,107.43,12247.02
36,Sports,2024-10,195,107.43,20948.85
36,Sports,2024-11,48,107.43,5156.64
36,Sports,2024-12,53,107.43,5693.79
36,Sports,2025-01,54,107.43,5801.22
36,Sports,2025-02,109,107.43,11709.87
36,Sports,2025-03,62,107.43,6660.66
36,Sports,2025-04,199,107.43,21378.57
36,Sports,2025-05,247,107.43,26535.21
36,Sports,2025-06,85,107.43,9131.55
36,Sports,2025-07,117,107.43,12569.31
36,Sports,2025-08,112,107.43,12032.16
36,Sports,2025-09,393,107.43,42219.99
36,Sports,2025-10,33,107.43,3545.19
36,Sports,2025-11,142,107.43,15255.06
36,Sports,2025-12,126,107.43,13536.18
37,Grocery,2024-01,19,358.56,6812.64
37,Grocery,2024-02,167,358.56,59879.52
37,Grocery,2024-03,319,358.56,114380.64
37,Grocery,2024-04,310,358.56,111153.6
37,Grocery,2024-05,304,358.56,109002.24
37,Grocery,2024-06,245,358.56,87847.2
37,Grocery,2024-07,400,358.56,143424
37,Grocery,2024-08,125,358.56,44820
37,Grocery,2024-09,264,358.56,94659.84
37,Grocery,2024-10,86,358.56,30836.16
37,Grocery,2024-11,99,358.56,35497.44
37,Grocery,2024-12,18,358.56,6454.08
37,Grocery,2025-01,97,358.56,34780.32
37,Grocery,2025-02,124,358.56,44461.44
37,Grocery,2025-03,51,358.56,18286.56
37,Grocery,2025-04,193,358.56,69202.08
37,Grocery,2025-05,139,358.56,49839.84
37,Grocery,2025-06,347,358.56,124420.32
37,Grocery,2025-07,303,358.56,108643.68
37,Grocery,2025-08,192,358.56,68843.52
37,Grocery,2025-09,68,358.56,24382.08
37,Grocery,2025-10,64,358.56,22947.84
37,Grocery,2025-11,231,358.56,82827.36
37,Grocery,2025-12,223,358.56,79958.88
38,Sports,2024-01,84,397.19,33363.96
38,Sports,2024-02,18,397.19,7149.42
38,Sports,2024-03,220,397.19,87381.8
38,Sports,2024-04,368,397.19,146165.92
38,Sports,2024-05,182,397.19,72288.58
38,Sports,2024-06,112,397.19,44485.28
38,Sports,2024-07,98,397.19,38924.62
38,Sports,2024-08,238,397.19,94531.22
38,Sports,2024-09,201,397.19,79835.19
38,Sports,2024-10,106,397.19,42102.14
38,Sports,2024-11,58,397.19,23037.02
38,Sports,2024-12,6,397.19,2383.14
38,Sports,2025-01,88,397.19,34952.72
38,Sports,2025-02,97,397.19,38527.43
38,Sports,2025-03,183,397.19,72685.77
38,Sports,2025-04,25,397.19,9929.75
38,Sports,2025-05,24,397.19,9532.56
38,Sports,2025-06,340,397.19,135044.6
38,Sports,2025-07,351,397.19,139413.69
38,Sports,2025-08,452,397.19,179529.88
38,Sports,2025-09,339,397.19,134647.41
38,Sports,2025-10,49,397.19,19462.31
38,Sports,2025-11,336,397.19,133455.84
38,Sports,2025-12,208,397.19,82615.52
39,Electronics,2024-01,139,306.92,42661.88
39,Electronics,2024-02,140,306.92,42968.8
39,Electronics,2024-03,160,306.92,49107.2
39,Electronics,2024-04,268,306.92,82254.56
39,Electronics,2024-05,204,306.92,62611.68
39,Electronics,2024-06,62,306.92,19029.04
39,Electronics,2024-07,38,306.92,11662.96
39,Electronics,2024-08,269,306.92,82561.48
39,Electronics,2024-09,219,306.92,67215.48
39,Electronics,2024-10,46,306.92,14118.32
39,Electronics,2024-11,117,306.92,35909.64
39,Electronics,2024-12,53,306.92,16266.76
39,Electronics,2025-01,54,306.92,16573.68
39,Electronics,2025-02,39,306.92,11969.88
39,Electronics,2025-03,76,306.92,23325.92
39,Electronics,2025-04,96,306.92,29464.32
39,Electronics,2025-05,348,306.92,106808.16
39,Electronics,2025-06,398,306.92,122154.16
39,Electronics,2025-07,207,306.92,63532.44
39,Electronics,2025-08,314,306.92,96372.88
39,Electronics,2025-09,315,306.92,96679.8
39,Electronics,2025-10,325,306.92,99749
39,Electronics,2025-11,324,306.92,99442.08
39,Electronics,2025-12,127,306.92,38978.84
40,Clothing,2024-01,66,463.89,30616.74
40,Clothing,2024-02,18,463.89,8350.02
40,Clothing,2024-03,109,463.89,50564.01
40,Clothing,2024-04,178,463.89,82572.42
40,Clothing,2024-05,397,463.89,184164.33
40,Clothing,2024-06,164,463.89,76077.96
40,Clothing,2024-07,155,463.89,71902.95
40,Clothing,2024-08,180,463.89,83500.2
40,Clothing,2024-09,110,463.89,51027.9
40,Clothing,2024-10,19,463.89,8813.91
40,Clothing,2024-11,77,463.89,35719.53
40,Clothing,2024-12,11,463.89,5102.79
40,Clothing,2025-01,35,463.89,16236.15
40,Clothing,2025-02,26,463.89,12061.14
40,Clothing,2025-03,43,463.89,19947.27
40,Clothing,2025-04,237,463.89,109941.93
40,Clothing,2025-05,24,463.89,11133.36
40,Clothing,2025-06,196,463.89,90922.44
40,Clothing,2025-07,315,463.89,146125.35
40,Clothing,2025-08,217,463.89,100664.13
40,Clothing,2025-09,398,463.89,184628.22
40,Clothing,2025-10,158,463.89,73294.62
40,Clothing,2025-11,267,463.89,123858.63
40,Clothing,2025-12,147,463.89,68191.83
41,Home,2024-01,76,329.03,25006.28
41,Home,2024-02,186,329.03,61199.58
41,Home,2024-03,345,329.03,113515.35
41,Home,2024-04,119,329.03,39154.57
41,Home,2024-05,202,329.03,66464.06
41,Home,2024-06,114,329.03,37509.42
41,Home,2024-07,240,329.03,78967.2
41,Home,2024-08,40,329.03,13161.2
41,Home,2024-09,55,329.03,18096.65
41,Home,2024-10,184,329.03,60541.52
41,Home,2024-11,91,329.03,29941.73
41,Home,2024-12,91,329.03,29941.73
41,Home,2025-01,55,329.03,18096.65
41,Home,2025-02,21,329.03,6909.63
41,Home,2025-03,70,329.03,23032.1
41,Home,2025-04,207,329.03,68109.21
41,Home,2025-05,286,329.03,94102.58
41,Home,2025-06,328,329.03,107921.84
41,Home,2025-07,148,329.03,48696.44
41,Home,2025-08,282,329.03,92786.46
41,Home,2025-09,275,329.03,90483.25
41,Home,2025-10,419,329.03,137863.57
41,Home,2025-11,91,329.03,29941.73
41,Home,2025-12,282,329.03,92786.46
42,Electronics,2024-01,214,458.33,98082.62
42,Electronics,2024-02,144,458.33,65999.52
42,Electronics,2024-03,321,458.33,147123.93
42,Electronics,2024-04,459,458.33,210373.47
42,Electronics,2024-05,127,458.33,58207.91
42,Electronics,2024-06,57,458.33,26124.81
42,Electronics,2024-07,255,458.33,116874.15
42,Electronics,2024-08,293,458.33,134290.69
42,Electronics,2024-09,57,458.33,26124.81
42,Electronics,2024-10,160,458.33,73332.8
42,Electronics,2024-11,118,458.33,54082.94
42,Electronics,2024-12,86,458.33,39416.38
42,Electronics,2025-01,24,458.33,10999.92
42,Electronics,2025-02,132,458.33,60499.56
42,Electronics,2025-03,103,458.33,47207.99
42,Electronics,2025-04,223,458.33,102207.59
42,Electronics,2025-05,339,458.33,155373.87
42,Electronics,2025-06,89,458.33,40791.37
42,Electronics,2025-07,226,458.33,103582.58
42,Electronics,2025-08,187,458.33,85707.71
42,Electronics,2025-09,46,458.33,21083.18
42,Electronics,2025-10,31,458.33,14208.23
42,Electronics,2025-11,250,458.33,114582.5
42,Electronics,2025-12,124,458.33,56832.92
43,Home,2024-01,159,426.52,67816.68
43,Home,2024-02,241,426.52,102791.32
43,Home,2024-03,104,426.52,44358.08
43,Home,2024-04,366,426.52,156106.32
43,Home,2024-05,419,426.52,178711.88
43,Home,2024-06,133,426.52,56727.16
43,Home,2024-07,251,426.52,107056.52
43,Home,2024-08,334,426.52,142457.68
43,Home,2024-09,263,426.52,112174.76
43,Home,2024-10,23,426.52,9809.96
43,Home,2024-11,113,426.52,48196.76
43,Home,2024-12,75,426.52,31989
43,Home,2025-01,7,426.52,2985.64
43,Home,2025-02,113,426.52,48196.76
43,Home,2025-03,54,426.52,23032.08
43,Home,2025-04,105,426.52,44784.6
43,Home,2025-05,150,426.52,63978
43,Home,2025-06,387,426.52,165063.24
43,Home,2025-07,331,426.52,141178.12
43,Home,2025-08,409,426.52,174446.68
43,Home,2025-09,253,426.52,107909.56
43,Home,2025-10,276,426.52,117719.52
43,Home,2025-11,328,426.52,139898.56
43,Home,2025-12,67,426.52,28576.84
44,Clothing,2024-01,52,230.23,11971.96
44,Clothing,2024-02,98,230.23,22562.54
44,Clothing,2024-03,80,230.23,18418.4
44,Clothing,2024-04,190,230.23,43743.7
44,Clothing,2024-05,392,230.23,90250.16
44,Clothing,2024-06,47,230.23,10820.81
44,Clothing,2024-07,176,230.23,40520.48
44,Clothing,2024-08,199,230.23,45815.77
44,Clothing,2024-09,64,230.23,14734.72
44,Clothing,2024-10,140,230.23,32232.2
44,Clothing,2024-11,21,230.23,4834.83
44,Clothing,2024-12,29,230.23,6676.67
44,Clothing,2025-01,51,230.23,11741.73
44,Clothing,2025-02,37,230.23,8518.51
44,Clothing,2025-03,113,230.23,26015.99
44,Clothing,2025-04,203,230.23,46736.69
44,Clothing,2025-05,265,230.23,61010.95
44,Clothing,2025-06,240,230.23,55255.2
44,Clothing,2025-07,475,230.23,109359.25
44,Clothing,2025-08,299,230.23,68838.77
44,Clothing,2025-09,275,230.23,63313.25
44,Clothing,2025-10,153,230.23,35225.19
44,Clothing,2025-11,341,230.23,78508.43
44,Clothing,2025-12,163,230.23,37527.49
45,Clothing,2024-01,115,56.75,6526.25
45,Clothing,2024-02,269,56.75,15265.75
45,Clothing,2024-03,287,56.75,16287.25
45,Clothing,2024-04,112,56.75,6356
45,Clothing,2024-05,202,56.75,11463.5
45,Clothing,2024-06,324,56.75,18387
45,Clothing,2024-07,245,56.75,13903.75
45,Clothing,2024-08,178,56.75,10101.5
45,Clothing,2024-09,54,56.75,3064.5
45,Clothing,2024-10,128,56.75,7264
45,Clothing,2024-11,99,56.75,5618.25
45,Clothing,2024-12,31,56.75,1759.25
45,Clothing,2025-01,19,56.75,1078.25
45,Clothing,2025-02,33,56.75,1872.75
45,Clothing,2025-03,49,56.75,2780.75
45,Clothing,2025-04,27,56.75,1532.25
45,Clothing,2025-05,283,56.75,16060.25
45,Clothing,2025-06,21,56.75,1191.75
45,Clothing,2025-07,131,56.75,7434.25
45,Clothing,2025-08,274,56.75,15549.5
45,Clothing,2025-09,385,56.75,21848.75
45,Clothing,2025-10,220,56.75,12485
45,Clothing,2025-11,225,56.75,12768.75
45,Clothing,2025-12,259,56.75,14698.25
46,Electronics,2024-01,286,191.7,54826.2
46,Electronics,2024-02,125,191.7,23962.5
46,Electronics,2024-03,22,191.7,4217.4
46,Electronics,2024-04,175,191.7,33547.5
46,Electronics,2024-05,477,191.7,91440.9
46,Electronics,2024-06,152,191.7,29138.4
46,Electronics,2024-07,264,191.7,50608.8
46,Electronics,2024-08,313,191.7,60002.1
46,Electronics,2024-09,207,191.7,39681.9
46,Electronics,2024-10,154,191.7,29521.8
46,Electronics,2024-11,125,191.7,23962.5
46,Electronics,2024-12,32,191.7,6134.4
46,Electronics,2025-01,76,191.7,14569.2
46,Electronics,2025-02,129,191.7,24729.3
46,Electronics,2025-03,64,191.7,12268.8
46,Electronics,2025-04,171,191.7,32780.7
46,Electronics,2025-05,288,191.7,55209.6
46,Electronics,2025-06,379,191.7,72654.3
46,Electronics,2025-07,105,191.7,20128.5
46,Electronics,2025-08,179,191.7,34314.3
46,Electronics,2025-09,83,191.7,15911.1
46,Electronics,2025-10,220,191.7,42174
46,Electronics,2025-11,159,191.7,30480.3
46,Electronics,2025-12,70,191.7,13419
47,Clothing,2024-01,208,337.73,70247.84
47,Clothing,2024-02,273,337.73,92200.29
47,Clothing,2024-03,381,337.73,128675.13
47,Clothing,2024-04,244,337.73,82406.12
47,Clothing,2024-05,64,337.73,21614.72
47,Clothing,2024-06,327,337.73,110437.71
47,Clothing,2024-07,383,337.73,129350.59
47,Clothing,2024-08,346,337.73,116854.58
47,Clothing,2024-09,159,337.73,53699.07
47,Clothing,2024-10,184,337.73,62142.32
47,Clothing,2024-11,130,337.73,43904.9
47,Clothing,2024-12,83,337.73,28031.59
47,Clothing,2025-01,17,337.73,5741.41
47,Clothing,2025-02,129,337.73,43567.17
47,Clothing,2025-03,95,337.73,32084.35
47,Clothing,2025-04,231,337.73,78015.63
47,Clothing,2025-05,329,337.73,111113.17
47,Clothing,2025-06,80,337.73,27018.4
47,Clothing,2025-07,171,337.73,57751.83
47,Clothing,2025-08,397,337.73,134078.81
47,Clothing,2025-09,398,337.73,134416.54
47,Clothing,2025-10,368,337.73,124284.64
47,Clothing,2025-11,233,337.73,78691.09
47,Clothing,2025-12,87,337.73,29382.51
48,Sports,2024-01,135,336.3,45400.5
48,Sports,2024-02,176,336.3,59188.8
48,Sports,2024-03,254,336.3,85420.2
48,Sports,2024-04,454,336.3,152680.2
48,Sports,2024-05,392,336.3,131829.6
48,Sports,2024-06,303,336.3,101898.9
48,Sports,2024-07,202,336.3,67932.6
48,Sports,2024-08,127,336.3,42710.1
48,Sports,2024-09,270,336.3,90801
48,Sports,2024-10,110,336.3,36993
48,Sports,2024-11,39,336.3,13115.7
48,Sports,2024-12,41,336.3,13788.3
48,Sports,2025-01,5,336.3,1681.5
48,Sports,2025-02,102,336.3,34302.6
48,Sports,2025-03,184,336.3,61879.2
48,Sports,2025-04,180,336.3,60534
48,Sports,2025-05,341,336.3,114678.3
48,Sports,2025-06,151,336.3,50781.3
48,Sports,2025-07,97,336.3,32621.1
48,Sports,2025-08,417,336.3,140237.1
48,Sports,2025-09,92,336.3,30939.6
48,Sports,2025-10,129,336.3,43382.7
48,Sports,2025-11,345,336.3,116023.5
48,Sports,2025-12,58,336.3,19505.4
49,Clothing,2024-01,229,299.74,68640.46
49,Clothing,2024-02,336,299.74,100712.64
49,Clothing,2024-03,62,299.74,18583.88
49,Clothing,2024-04,65,299.74,19483.1
49,Clothing,2024-05,24,299.74,7193.76
49,Clothing,2024-06,207,299.74,62046.18
49,Clothing,2024-07,264,299.74,79131.36
49,Clothing,2024-08,325,299.74,97415.5
49,Clothing,2024-09,166,299.74,49756.84
49,Clothing,2024-10,120,299.74,35968.8
49,Clothing,2024-11,119,299.74,35669.06
49,Clothing,2024-12,97,299.74,29074.78
49,Clothing,2025-01,37,299.74,11090.38
49,Clothing,2025-02,96,299.74,28775.04
49,Clothing,2025-03,135,299.74,40464.9
49,Clothing,2025-04,23,299.74,6894.02
49,Clothing,2025-05,293,299.74,87823.82
49,Clothing,2025-06,136,299.74,40764.64
49,Clothing,2025-07,267,299.74,80030.58
49,Clothing,2025-08,349,299.74,104609.26
49,Clothing,2025-09,100,299.74,29974
49,Clothing,2025-10,42,299.74,12589.08
49,Clothing,2025-11,225,299.74,67441.5
49,Clothing,2025-12,256,299.74,76733.44
50,Home,2024-01,199,144.61,28777.39
50,Home,2024-02,182,144.61,26319.02
50,Home,2024-03,142,144.61,20534.62
50,Home,2024-04,100,144.61,14461
50,Home,2024-05,467,144.61,67532.87
50,Home,2024-06,343,144.61,49601.23
50,Home,2024-07,217,144.61,31380.37
50,Home,2024-08,30,144.61,4338.3
50,Home,2024-09,100,144.61,14461
50,Home,2024-10,64,144.61,9255.04
50,Home,2024-11,51,144.61,7375.11
50,Home,2024-12,102,144.61,14750.22
50,Home,2025-01,42,144.61,6073.62
50,Home,2025-02,43,144.61,6218.23
50,Home,2025-03,74,144.61,10701.14
50,Home,2025-04,81,144.61,11713.41
50,Home,2025-05,187,144.61,27042.07
50,Home,2025-06,215,144.61,31091.15
50,Home,2025-07,40,144.61,5784.4
50,Home,2025-08,427,144.61,61748.47
50,Home,2025-09,107,144.61,15473.27
50,Home,2025-10,234,144.61,33838.74
50,Home,2025-11,184,144.61,26608.24
50,Home,2025-12,130,144.61,18799.3
